platform,microvm_abi_version,processors,commit,metric,unit,direction,p50
darwin-arm64-hvf,2,1,local-working-tree-20261002,warm_pool_first_stdout,ms,lower,4.230917
darwin-arm64-hvf,2,1,local-working-tree-20261002,warm_pool_completion,ms,lower,6.6376875
darwin-arm64-hvf,2,1,local-working-tree-20261002,cold_image_first_stdout,ms,lower,1164.437625
darwin-arm64-hvf,2,1,6974b017a604f13cb6407cc04e86c5a60383a33a,warm_pool_first_stdout,ms,lower,2.787896
darwin-arm64-hvf,2,1,6974b017a604f13cb6407cc04e86c5a60383a33a,warm_pool_completion,ms,lower,4.2573755
darwin-arm64-hvf,2,1,6974b017a604f13cb6407cc04e86c5a60383a33a,cold_image_first_stdout,ms,lower,991.444625
darwin-arm64-hvf,2,1,585c9abed43e9030955656ff0fb8c8d0486e0a08,warm_pool_first_stdout,ms,lower,2.7857505
darwin-arm64-hvf,2,1,585c9abed43e9030955656ff0fb8c8d0486e0a08,warm_pool_completion,ms,lower,4.080021
darwin-arm64-hvf,2,1,585c9abed43e9030955656ff0fb8c8d0486e0a08,cold_image_first_stdout,ms,lower,936.5249795
darwin-arm64-hvf,2,1,1f8b9be157d5adb25dda12c1c7fb788ad8ba2876,warm_pool_first_stdout,ms,lower,2.740354
darwin-arm64-hvf,2,1,1f8b9be157d5adb25dda12c1c7fb788ad8ba2876,warm_pool_completion,ms,lower,4.040104
darwin-arm64-hvf,2,1,1f8b9be157d5adb25dda12c1c7fb788ad8ba2876,cold_image_first_stdout,ms,lower,958.2050415
darwin-arm64-hvf,2,1,66498ba7348f69649a29dbe5a024d664be9ea9e3,warm_pool_first_stdout,ms,lower,2.7707705
darwin-arm64-hvf,2,1,66498ba7348f69649a29dbe5a024d664be9ea9e3,warm_pool_completion,ms,lower,4.163187
darwin-arm64-hvf,2,1,66498ba7348f69649a29dbe5a024d664be9ea9e3,cold_image_first_stdout,ms,lower,1022.519125
darwin-arm64-hvf,2,1,2d7b0ee0d41b3c7b3fc61daf7d01ef98fcd4765a,warm_pool_first_stdout,ms,lower,2.593167
darwin-arm64-hvf,2,1,2d7b0ee0d41b3c7b3fc61daf7d01ef98fcd4765a,warm_pool_completion,ms,lower,3.8811665
darwin-arm64-hvf,2,1,2d7b0ee0d41b3c7b3fc61daf7d01ef98fcd4765a,cold_image_first_stdout,ms,lower,943.7234785
darwin-arm64-hvf,2,1,426ddf6e09b445a9e25e415abecb26595b1175c8,warm_pool_first_stdout,ms,lower,2.672146
darwin-arm64-hvf,2,1,426ddf6e09b445a9e25e415abecb26595b1175c8,warm_pool_completion,ms,lower,3.9668955
darwin-arm64-hvf,2,1,426ddf6e09b445a9e25e415abecb26595b1175c8,cold_image_first_stdout,ms,lower,972.4362085
darwin-arm64-hvf,2,1,5d0433f41c6f4e582457ba18004de8faee579f46,warm_pool_first_stdout,ms,lower,2.6528125
darwin-arm64-hvf,2,1,5d0433f41c6f4e582457ba18004de8faee579f46,warm_pool_completion,ms,lower,3.8849585
darwin-arm64-hvf,2,1,5d0433f41c6f4e582457ba18004de8faee579f46,cold_image_first_stdout,ms,lower,913.529854
darwin-arm64-hvf,2,1,cac62c8dbc089604050163af242ad142bcf8bfca,warm_pool_first_stdout,ms,lower,2.7893545
darwin-arm64-hvf,2,1,cac62c8dbc089604050163af242ad142bcf8bfca,warm_pool_completion,ms,lower,3.9615005
darwin-arm64-hvf,2,1,cac62c8dbc089604050163af242ad142bcf8bfca,cold_image_first_stdout,ms,lower,965.1847505
darwin-arm64-hvf,2,1,887d9f5b85f6d2c641c067b573750ebd3a0ea128,warm_pool_first_stdout,ms,lower,2.784521
darwin-arm64-hvf,2,1,887d9f5b85f6d2c641c067b573750ebd3a0ea128,warm_pool_completion,ms,lower,4.3403545
darwin-arm64-hvf,2,1,887d9f5b85f6d2c641c067b573750ebd3a0ea128,cold_image_first_stdout,ms,lower,966.140021
darwin-arm64-hvf,2,1,f7da06e387d715c51d4a13413258857b17a51047,warm_pool_first_stdout,ms,lower,2.6720005
darwin-arm64-hvf,2,1,f7da06e387d715c51d4a13413258857b17a51047,warm_pool_completion,ms,lower,3.8778755
darwin-arm64-hvf,2,1,f7da06e387d715c51d4a13413258857b17a51047,cold_image_first_stdout,ms,lower,959.4279585
darwin-arm64-hvf,2,1,b7e30586722ff0228b071d49c129de53acb9df52,warm_pool_first_stdout,ms,lower,2.6761665
darwin-arm64-hvf,2,1,b7e30586722ff0228b071d49c129de53acb9df52,warm_pool_completion,ms,lower,3.7818125
darwin-arm64-hvf,2,1,b7e30586722ff0228b071d49c129de53acb9df52,cold_image_first_stdout,ms,lower,915.085375
darwin-arm64-hvf,2,1,81233b9ae75431f2d56795d64b5d94f938dd3067,warm_pool_first_stdout,ms,lower,2.516854
darwin-arm64-hvf,2,1,81233b9ae75431f2d56795d64b5d94f938dd3067,warm_pool_completion,ms,lower,3.851938
darwin-arm64-hvf,2,1,81233b9ae75431f2d56795d64b5d94f938dd3067,cold_image_first_stdout,ms,lower,950.4163125
darwin-arm64-hvf,2,1,3d88ba15dab3bca6c23c51504b38d96f5ff125f6,warm_pool_first_stdout,ms,lower,2.666813
darwin-arm64-hvf,2,1,3d88ba15dab3bca6c23c51504b38d96f5ff125f6,warm_pool_completion,ms,lower,3.779729
darwin-arm64-hvf,2,1,3d88ba15dab3bca6c23c51504b38d96f5ff125f6,cold_image_first_stdout,ms,lower,920.826958
darwin-arm64-hvf,2,1,4385058610c8138f336e919308c22b189307c769,warm_pool_first_stdout,ms,lower,2.8302915
darwin-arm64-hvf,2,1,4385058610c8138f336e919308c22b189307c769,warm_pool_completion,ms,lower,4.2428955
darwin-arm64-hvf,2,1,4385058610c8138f336e919308c22b189307c769,cold_image_first_stdout,ms,lower,1001.6811875
